INSERT INTO aluno (aluno_id, nome, email) VALUES (1, 'Lucas Alves', 'mariaoliveira@example.com'); 
INSERT INTO aluno (aluno_id, nome, email) VALUES (2, 'Pedro Costa', 'm.oliveira@example.com'); 
INSERT INTO aluno (aluno_id, nome, email) VALUES (3, 'Júlia Lima', 'rafaelalmeida@example.com'); 
INSERT INTO aluno (aluno_id, nome, email) VALUES (4, 'Ana Ferreira', 'anaferreira@example.com'); 
INSERT INTO aluno (aluno_id, nome, email) VALUES (5, 'Bruna Costa', 'b.rodrigues@example.com'); 
INSERT INTO aluno (aluno_id, nome, email) VALUES (6, 'Fernanda Ribeiro', 'gustavo.martins@example.com'); 
INSERT INTO aluno (aluno_id, nome, email) VALUES (7, 'João Souza', 'a.ferreira@example.com'); 
INSERT INTO aluno (aluno_id, nome, email) VALUES (8, 'Mariana Almeida', 'gustavo.martins@example.com'); 
INSERT INTO aluno (aluno_id, nome, email) VALUES (9, 'Camila Melo', 'joao_santos@example.com'); 
INSERT INTO aluno (aluno_id, nome, email) VALUES (10, 'André Carvalho', 'joaosantos@example.com'); 
INSERT INTO aluno (aluno_id, nome, email) VALUES (11, 'Beatriz Rodrigues', 'ana_ferreira@example.com'); 
INSERT INTO aluno (aluno_id, nome, email) VALUES (12, 'Matheus Gomes', 'beatriz_rodrigues@example.com'); 
INSERT INTO aluno (aluno_id, nome, email) VALUES (13, 'Pedro Santos', 'juliapereira@example.com'); 
INSERT INTO aluno (aluno_id, nome, email) VALUES (14, 'João Souza', 'g.martins@example.com'); 
INSERT INTO aluno (aluno_id, nome, email) VALUES (15, 'André Carvalho', 'carloslima@example.com'); 
INSERT INTO aluno (aluno_id, nome, email) VALUES (16, 'Matheus Gomes', 'rafaelalmeida@example.com'); 
INSERT INTO aluno (aluno_id, nome, email) VALUES (17, 'Maria Silva', 'pedro.costa@example.com'); 
INSERT INTO aluno (aluno_id, nome, email) VALUES (18, 'Laura Monteiro', 'a.ferreira@example.com'); 
INSERT INTO aluno (aluno_id, nome, email) VALUES (19, 'Rafael Barbosa', 'a.ferreira@example.com'); 
INSERT INTO aluno (aluno_id, nome, email) VALUES (20, 'Maria Oliveira', 'rafael_almeida@example.com'); 

INSERT INTO professor (professor_id, nome, email) VALUES (1, 'Carlos Lima', 'rafael.almeida@example.com'); 
INSERT INTO professor (professor_id, nome, email) VALUES (2, 'Júlia Lima', 'j.santos@example.com'); 
INSERT INTO professor (professor_id, nome, email) VALUES (3, 'Letícia Azevedo', 'beatriz.rodrigues@example.com'); 
INSERT INTO professor (professor_id, nome, email) VALUES (4, 'Camila Melo', 'j.pereira@example.com'); 
INSERT INTO professor (professor_id, nome, email) VALUES (5, 'Pedro Santos', 'ana_ferreira@example.com'); 
INSERT INTO professor (professor_id, nome, email) VALUES (6, 'Mariana Almeida', 'gustavomartins@example.com'); 
INSERT INTO professor (professor_id, nome, email) VALUES (7, 'Pedro Santos', 'pedrocosta@example.com'); 
INSERT INTO professor (professor_id, nome, email) VALUES (8, 'Maria Silva', 'fernandaribeiro@example.com'); 
INSERT INTO professor (professor_id, nome, email) VALUES (9, 'Ana Oliveira', 'rafael_almeida@example.com'); 
INSERT INTO professor (professor_id, nome, email) VALUES (10, 'Fernanda Ribeiro', 'rafael_almeida@example.com'); 
INSERT INTO professor (professor_id, nome, email) VALUES (11, 'Bruna Costa', 'beatrizrodrigues@example.com'); 
INSERT INTO professor (professor_id, nome, email) VALUES (12, 'Rafael Barbosa', 'c.lima@example.com'); 
INSERT INTO professor (professor_id, nome, email) VALUES (13, 'Rafael Barbosa', 'c.lima@example.com'); 
INSERT INTO professor (professor_id, nome, email) VALUES (14, 'Matheus Gomes', 'c.lima@example.com'); 
INSERT INTO professor (professor_id, nome, email) VALUES (15, 'Maria Oliveira', 'joao_santos@example.com'); 
INSERT INTO professor (professor_id, nome, email) VALUES (16, 'Pedro Santos', 'aria_oliveira@example.com'); 
INSERT INTO professor (professor_id, nome, email) VALUES (17, 'João Souza', 'p.costa@example.com'); 
INSERT INTO professor (professor_id, nome, email) VALUES (18, 'Pedro Costa', 'anaferreira@example.com'); 
INSERT INTO professor (professor_id, nome, email) VALUES (19, 'Gabriel Pereira', 'mariaoliveira@example.com'); 
INSERT INTO professor (professor_id, nome, email) VALUES (20, 'Mariana Almeida', 'julia_pereira@example.com'); 

INSERT INTO departamento (departamento_id, nome, chefe_id) VALUES (1, 'Administração', 1); 
INSERT INTO departamento (departamento_id, nome, chefe_id) VALUES (2, 'Ciências Contábeis', 2); 
INSERT INTO departamento (departamento_id, nome, chefe_id) VALUES (3, 'Economia', 8); 
INSERT INTO departamento (departamento_id, nome, chefe_id) VALUES (4, 'Engenharia', 14); 
INSERT INTO departamento (departamento_id, nome, chefe_id) VALUES (5, 'Tecnologia da Informação', 6); 
INSERT INTO departamento (departamento_id, nome, chefe_id) VALUES (6, 'Recursos Humanos', 11); 
INSERT INTO departamento (departamento_id, nome, chefe_id) VALUES (7, 'Marketing', 10); 
INSERT INTO departamento (departamento_id, nome, chefe_id) VALUES (8, 'Finanças', 1); 
INSERT INTO departamento (departamento_id, nome, chefe_id) VALUES (9, 'Pesquisa e Desenvolvimento', 2); 
INSERT INTO departamento (departamento_id, nome, chefe_id) VALUES (10, 'Educação e Treinamento', 1); 

INSERT INTO curso (curso_id, nome, departamento_id) VALUES (1, 'Gestão Empresarial', 3); 
INSERT INTO curso (curso_id, nome, departamento_id) VALUES (2, 'Contabilidade e Finanças', 5); 
INSERT INTO curso (curso_id, nome, departamento_id) VALUES (3, 'Análise Econômica', 10); 
INSERT INTO curso (curso_id, nome, departamento_id) VALUES (4, 'Engenharia Civil', 6); 
INSERT INTO curso (curso_id, nome, departamento_id) VALUES (5, 'Ciência da Computação', 8); 
INSERT INTO curso (curso_id, nome, departamento_id) VALUES (6, 'Gestão de Pessoas', 3); 
INSERT INTO curso (curso_id, nome, departamento_id) VALUES (7, 'Marketing Digital', 6); 
INSERT INTO curso (curso_id, nome, departamento_id) VALUES (8, 'Finanças Corporativas', 5); 
INSERT INTO curso (curso_id, nome, departamento_id) VALUES (9, 'Inovação Tecnológica', 9); 
INSERT INTO curso (curso_id, nome, departamento_id) VALUES (10, 'Formação de Professores', 5); 

INSERT INTO disciplina (disciplina_id, nome, curso_id, professor_id, semestre, ano) VALUES (1, 'Gestão Estratégica', 4, 1, 9, 2019); 
INSERT INTO disciplina (disciplina_id, nome, curso_id, professor_id, semestre, ano) VALUES (2, 'Empreendedorismo', 9, 17, 9, 2017); 
INSERT INTO disciplina (disciplina_id, nome, curso_id, professor_id, semestre, ano) VALUES (3, 'Contabilidade Gerencial', 8, 4, 7, 2022); 
INSERT INTO disciplina (disciplina_id, nome, curso_id, professor_id, semestre, ano) VALUES (4, 'Análise de Balanços', 7, 17, 3, 2019); 
INSERT INTO disciplina (disciplina_id, nome, curso_id, professor_id, semestre, ano) VALUES (5, 'Microeconomia', 4, 20, 3, 2010); 
INSERT INTO disciplina (disciplina_id, nome, curso_id, professor_id, semestre, ano) VALUES (6, 'Macroeconomia', 3, 18, 1, 2000); 
INSERT INTO disciplina (disciplina_id, nome, curso_id, professor_id, semestre, ano) VALUES (7, 'Estruturas de Concreto', 6, 20, 1, 2008); 
INSERT INTO disciplina (disciplina_id, nome, curso_id, professor_id, semestre, ano) VALUES (8, 'Mecânica dos Solos', 8, 3, 4, 2011); 
INSERT INTO disciplina (disciplina_id, nome, curso_id, professor_id, semestre, ano) VALUES (9, 'Programação Orientada a Objetos', 6, 16, 4, 2014); 
INSERT INTO disciplina (disciplina_id, nome, curso_id, professor_id, semestre, ano) VALUES (10, 'Algoritmos e Estruturas de Dados', 4, 20, 10, 2000); 
INSERT INTO disciplina (disciplina_id, nome, curso_id, professor_id, semestre, ano) VALUES (11, 'Desenvolvimento Organizacional', 7, 20, 1, 2014); 
INSERT INTO disciplina (disciplina_id, nome, curso_id, professor_id, semestre, ano) VALUES (12, 'Psicologia do Trabalho', 3, 2, 4, 2004); 
INSERT INTO disciplina (disciplina_id, nome, curso_id, professor_id, semestre, ano) VALUES (13, 'Gestão de Mídias Sociais', 2, 4, 7, 2013); 
INSERT INTO disciplina (disciplina_id, nome, curso_id, professor_id, semestre, ano) VALUES (14, 'Marketing de Conteúdo', 3, 13, 2, 2014); 
INSERT INTO disciplina (disciplina_id, nome, curso_id, professor_id, semestre, ano) VALUES (15, 'Gestão de Investimentos', 4, 7, 10, 2008); 
INSERT INTO disciplina (disciplina_id, nome, curso_id, professor_id, semestre, ano) VALUES (16, 'Planejamento Financeiro', 4, 3, 6, 2009); 
INSERT INTO disciplina (disciplina_id, nome, curso_id, professor_id, semestre, ano) VALUES (17, 'Gestão de Projetos de Inovação', 10, 5, 3, 2018); 
INSERT INTO disciplina (disciplina_id, nome, curso_id, professor_id, semestre, ano) VALUES (18, 'Tecnologias Emergentes', 7, 15, 2, 2012); 
INSERT INTO disciplina (disciplina_id, nome, curso_id, professor_id, semestre, ano) VALUES (19, 'Didática e Metodologia do Ensino', 7, 5, 10, 2006); 
INSERT INTO disciplina (disciplina_id, nome, curso_id, professor_id, semestre, ano) VALUES (20, 'Psicopedagogia', 5, 15, 9, 2007); 


INSERT INTO tcc (aluno_id, grupo_id) VALUES (1, 3); 
INSERT INTO tcc (aluno_id, grupo_id) VALUES (2, 4); 
INSERT INTO tcc (aluno_id, grupo_id) VALUES (3, 20); 
INSERT INTO tcc (aluno_id, grupo_id) VALUES (4, 13); 
INSERT INTO tcc (aluno_id, grupo_id) VALUES (5, 13); 
INSERT INTO tcc (aluno_id, grupo_id) VALUES (6, 17); 
INSERT INTO tcc (aluno_id, grupo_id) VALUES (7, 13); 
INSERT INTO tcc (aluno_id, grupo_id) VALUES (8, 15); 
INSERT INTO tcc (aluno_id, grupo_id) VALUES (9, 3); 
INSERT INTO tcc (aluno_id, grupo_id) VALUES (10, 11); 
INSERT INTO tcc (aluno_id, grupo_id) VALUES (11, 13); 
INSERT INTO tcc (aluno_id, grupo_id) VALUES (12, 7); 
INSERT INTO tcc (aluno_id, grupo_id) VALUES (13, 7); 
INSERT INTO tcc (aluno_id, grupo_id) VALUES (14, 5); 
INSERT INTO tcc (aluno_id, grupo_id) VALUES (15, 15); 
INSERT INTO tcc (aluno_id, grupo_id) VALUES (16, 4); 
INSERT INTO tcc (aluno_id, grupo_id) VALUES (17, 13); 
INSERT INTO tcc (aluno_id, grupo_id) VALUES (18, 14); 
INSERT INTO tcc (aluno_id, grupo_id) VALUES (19, 7); 
INSERT INTO tcc (aluno_id, grupo_id) VALUES (20, 14); 

UPDATE tcc SET titulo = 'Energia Renovável: Tecnologias e Perspectivas Futuras', professor_id = 19 WHERE grupo_id = 0;
UPDATE tcc SET titulo = 'A Influência da Cultura Organizacional na Inovação', professor_id = 7 WHERE grupo_id = 1;
UPDATE tcc SET titulo = 'A Influência da Mídia na Formação da Opinião Pública', professor_id = 15 WHERE grupo_id = 2;
UPDATE tcc SET titulo = 'A Utilização de Big Data na Tomada de Decisões Empresariais', professor_id = 16 WHERE grupo_id = 3;
UPDATE tcc SET titulo = 'Blockchain: Aplicações e Desafios na Área Financeira', professor_id = 19 WHERE grupo_id = 4;
UPDATE tcc SET titulo = 'A Importância da User Experience (UX) no Desenvolvimento de Aplicativos Móveis', professor_id = 19 WHERE grupo_id = 5;
UPDATE tcc SET titulo = 'Desenvolvimento de um Sistema de Gestão Escolar com Interface Web', professor_id = 7 WHERE grupo_id = 6;
UPDATE tcc SET titulo = 'Aplicações de Realidade Aumentada na Educação', professor_id = 15 WHERE grupo_id = 7;
UPDATE tcc SET titulo = 'Energia Renovável: Tecnologias e Perspectivas Futuras', professor_id = 13 WHERE grupo_id = 8;
UPDATE tcc SET titulo = 'Desenvolvimento de um Chatbot para Atendimento ao Cliente Utilizando Processamento de Linguagem Natural', professor_id = 4 WHERE grupo_id = 9;
UPDATE tcc SET titulo = 'Estudo Comparativo de Algoritmos de Machine Learning para Previsão de Vendas', professor_id = 16 WHERE grupo_id = 10;
UPDATE tcc SET titulo = 'Estudo sobre a Violência Doméstica e os Mecanismos de Apoio às Vítimas', professor_id = 7 WHERE grupo_id = 11;
UPDATE tcc SET titulo = 'A Evolução do Direito Trabalhista no Brasil', professor_id = 9 WHERE grupo_id = 12;
UPDATE tcc SET titulo = 'Inteligência Artificial e Ética: Implicações Sociais e Morais', professor_id = 15 WHERE grupo_id = 13;
UPDATE tcc SET titulo = 'A Importância da Saúde Mental no Ambiente de Trabalho', professor_id = 5 WHERE grupo_id = 14;
UPDATE tcc SET titulo = 'Automação Residencial: Tecnologias e Aplicações', professor_id = 10 WHERE grupo_id = 15;
UPDATE tcc SET titulo = 'A Evolução do Direito Trabalhista no Brasil', professor_id = 4 WHERE grupo_id = 16;
UPDATE tcc SET titulo = 'Estudo Comparativo de Algoritmos de Machine Learning para Previsão de Vendas', professor_id = 8 WHERE grupo_id = 17;
UPDATE tcc SET titulo = 'O Papel da Educação Financeira nas Escolas Brasileiras', professor_id = 20 WHERE grupo_id = 18;
UPDATE tcc SET titulo = 'Desenvolvimento de um Sistema de Monitoramento de Saúde com IoT', professor_id = 20 WHERE grupo_id = 19;

